id;calle;codigo_postal;ciudad;provincia
1;communities;Planner;deliverables;open-source
2;JBOD programming;Chips;transmit Turkish Lira;override
3;azure;Azerbaijanian Manat cultivate Open-source;National Engineer Steel;Facilitator Function-based
4;channels Tasty;Beauty enable;deposit;Executive out-of-the-box
5;Lights Vatu;Courts;Internal;Sausages e-enable Streets
6;quantify;Personal Loan Account Strategist Regional;navigate;Liaison open-source Wooden
7;initiatives;Yuan Renminbi;Sausages;Gibraltar Pound monitoring
8;Synchronised Car Nevada;cross-platform 24 hour uniform;Vision-oriented Avon Alabama;parallelism action-items Shirt
9;intermediate Unbranded Central;holistic Latvian Lats Engineer;transmit SDD;holistic
10;invoice Future-proofed;synergy Generic;orchid drive Universal;Fantastic transparent
