id;nombre;apellido;email;numero_telefono;fecha_contratacion
1;overriding multi-byte USB;withdrawal Ergonomic;Britney.Gleichner34@yahoo.com;Small;2020-03-13T23:39:51
2;Home Loan Account hard drive e-business;sticky Rupiah connect;Mortimer39@gmail.com;payment;2020-03-13T19:33:14
3;bleeding-edge;Planner;Quincy52@hotmail.com;Slovenia PCI;2020-03-13T21:50:00
4;California;methodologies system;Geovanni_Zieme54@gmail.com;XSS;2020-03-13T23:03:23
5;Tennessee;SSL;Earnest.Hartmann72@gmail.com;Advanced Metal;2020-03-14T17:07:20
6;Brand;Ergonomic withdrawal;Alexandro88@gmail.com;firewall compelling;2020-03-14T12:17:24
7;De-engineered Digitized;partnerships;Beatrice.Rodriguez@hotmail.com;architect;2020-03-13T22:55:51
8;Computer monitor Chief;deposit;Kenton75@yahoo.com;Principal;2020-03-14T09:25:53
9;encryption copying magenta;transmit deliver;Juanita_Block27@gmail.com;Sleek Steel Keyboard Principal;2020-03-13T20:48:09
10;Granite Louisiana strategize;end-to-end;Andrew31@yahoo.com;Configurable wireless;2020-03-14T03:15:16
